Region,countyfips
AK_Dillingham,2070
AK_Yukon-Koyukuk,2290
AK_Lake and Peninsula,2164
AK_Kenai Peninsula,2122
AK_Matanuska-Susitna,2170
AK_North Slope,2185
AK_Prince of Wales-Hyder,2198
AK_Bethel,2050
AK_Kusilvak,2158
CA_Lassen,6035
AZ_Pima,4019
CA_Kern,6029
CA_Fresno,6019
CA_Ventura,6111
CA_Madera,6039
CA_Mendocino,6045
CA_Tulare,6107
CO_El Paso,8041
CA_Plumas,6063
CA_Yuba,6115
CA_Santa Barbara,6083
CA_Sierra,6091
CA_Siskiyou,6093
CA_Tehama,6103
CA_Trinity,6105
CA_Tuolumne,6109
FL_Broward,12011
FL_Brevard,12009
FL_Miami-Dade,12086
CA_Alpine,6003
FL_Marion,12083
CA_Glenn,6021
CA_Lake,6033
CA_Del Norte,6015
CA_Humboldt,6023
CA_El Dorado,6017
FL_Palm Beach,12099
ID_Ada,16001
CA_Mariposa,6043
MN_St. Louis,27137
MT_Cascade,30013
NM_Sandoval,35043
NM_Dona Ana,35013
OK_Comanche,40031
OR_Lane,41039
OR_Clackamas,41005
UT_Utah,49049
WA_Whatcom,53073
WA_Benton,53005
WA_Yakima,53077
MT_Park,30067
WA_Okanogan,53047
OR_Linn,41043
ID_Fremont,16043
VT_Orleans,50019
NY_New York,36061
NC_Onslow,37133
AK_Aleutians West,2016
FL_Indian River,12061
FL_Monroe,12087
UT_Salt Lake,49035
LA_Iberia,22045
LA_Lafourche,22057
LA_Terrebonne,22109
LA_Plaquemines,22075
LA_St. Bernard,22087
ME_Aroostook,23003
ME_Franklin,23007
ME_Hancock,23009
ME_Oxford,23017
ME_Penobscot,23019
ME_Somerset,23025
ME_Washington,23029
ME_Piscataquis,23021
MD_Worcester,24047
MA_Suffolk,25025
MA_Barnstable,25001
MA_Dukes,25007
MN_Cook,27031
MN_Lake,27075
MN_Beltrami,27007
MN_Lake of the Woods,27077
NH_Coos,33007
TX_Kenedy,48261
VT_Essex,50009
WA_Pacific,53049
AZ_Maricopa,4013
AK_Anchorage,2020
NY_Suffolk,36103
PR_Adjuntas,72001
PR_Aguada,72003
PR_Aguadilla,72005
PR_Maricao,72093
PR_Anasco,72011
PR_Utuado,72141
PR_Arecibo,72013
PR_Barceloneta,72017
PR_Cabo Rojo,72023
PR_Penuelas,72111
PR_Camuy,72027
PR_Lares,72081
PR_Mayaguez,72097
PR_Sabana Grande,72121
PR_Ciales,72039
PR_Dorado,72051
PR_Guanica,72055
PR_Florida,72054
PR_Guayanilla,72059
PR_Hatillo,72065
PR_Hormigueros,72067
PR_Isabela,72071
PR_Jayuya,72073
PR_Lajas,72079
PR_Las Marias,72083
PR_Manati,72091
PR_Moca,72099
PR_Rincon,72117
PR_Quebradillas,72115
PR_San German,72125
PR_San Sebastian,72131
PR_Morovis,72101
PR_Vega Alta,72143
PR_Vega Baja,72145
PR_Yauco,72153
PR_Aguas Buenas,72007
PR_Salinas,72123
PR_Aibonito,72009
PR_Maunabo,72095
PR_Arroyo,72015
PR_Ponce,72113
PR_Naguabo,72103
PR_Naranjito,72105
PR_Orocovis,72107
PR_Rio Grande,72119
PR_Patillas,72109
PR_Caguas,72025
PR_Canovanas,72029
PR_Ceiba,72037
PR_Cayey,72035
PR_Fajardo,72053
PR_Cidra,72041
PR_Humacao,72069
PR_San Lorenzo,72129
PR_Santa Isabel,72133
PR_Vieques,72147
PR_Villalba,72149
PR_Yabucoa,72151
PR_Coamo,72043
PR_Las Piedras,72085
PR_Loiza,72087
PR_Luquillo,72089
PR_Culebra,72049
PR_Juncos,72077
PR_Gurabo,72063
PR_Comerio,72045
PR_Corozal,72047
PR_Guayama,72057
PR_Barranquitas,72019
PR_Juana Diaz,72075
VI_St. Thomas,78030
VI_St. Croix,78010
VI_St. John,78020
PR_San Juan,72127
PR_Guaynabo,72061
PR_Carolina,72031
PR_Toa Baja,72137
PR_Toa Alta,72135
PR_Bayamon,72021
PR_Catano,72033
PR_Trujillo Alto,72033
MA_Hampden,25013
MA_Hampshire,25015
MA_Worcester,25027
MA_Berkshire,25003
MA_Franklin,25011
MA_Middlesex,25017
MA_Essex,25009
MA_Plymouth,25023
MA_Norfolk,25021
MA_Bristol,25005
MA_Nantucket,25019
RI_Newport,44005
RI_Providence,44007
RI_Washington,44009
RI_Bristol,44001
RI_Kent,44003
NH_Hillsborough,33011
NH_Rockingham,33015
NH_Merrimack,33013
NH_Grafton,33009
NH_Belknap,33001
NH_Carroll,33003
NH_Sullivan,33019
NH_Cheshire,33005
ME_York,23031
NH_Strafford,33017
ME_Cumberland,23005
ME_Sagadahoc,23023
ME_Androscoggin,23001
ME_Kennebec,23011
ME_Lincoln,23015
ME_Waldo,23027
ME_Knox,23013
VT_Windsor,50027
VT_Orange,50017
VT_Caledonia,50005
VT_Windham,50025
VT_Bennington,50003
VT_Chittenden,50007
VT_Grand Isle,50013
VT_Franklin,50011
VT_Lamoille,50015
VT_Addison,50001
VT_Washington,50023
VT_Rutland,50021
CT_Hartford,9003
CT_Litchfield,9005
CT_Tolland,9013
CT_Windham,9015
CT_New London,9011
CT_New Haven,9009
CT_Fairfield,9001
CT_Middlesex,9007
NJ_Middlesex,34023
NJ_Hudson,34017
NJ_Essex,34013
NJ_Morris,34027
NJ_Bergen,34003
NJ_Passaic,34031
NJ_Union,34039
NJ_Somerset,34035
NJ_Sussex,34037
NJ_Monmouth,34025
NJ_Warren,34041
NJ_Hunterdon,34019
NJ_Salem,34033
NJ_Camden,34007
NJ_Ocean,34029
NJ_Burlington,34005
NJ_Gloucester,34015
NJ_Atlantic,34001
NJ_Cape May,34009
NJ_Cumberland,34011
NJ_Mercer,34021
NY_Richmond,36085
NY_Bronx,36005
NY_Westchester,36119
NY_Putnam,36079
NY_Rockland,36087
NY_Orange,36071
NY_Nassau,36059
NY_Queens,36081
NY_Kings,36047
NY_Albany,36001
NY_Schenectady,36093
NY_Montgomery,36057
NY_Greene,36039
NY_Columbia,36021
NY_Rensselaer,36083
NY_Saratoga,36091
NY_Fulton,36035
NY_Washington,36115
NY_Schoharie,36095
NY_Hamilton,36041
NY_Otsego,36077
NY_Ulster,36111
NY_Delaware,36025
NY_Dutchess,36027
NY_Sullivan,36105
NY_Warren,36113
NY_Essex,36031
NY_Clinton,36019
NY_Franklin,36033
NY_St. Lawrence,36089
NY_Onondaga,36067
NY_Cayuga,36011
NY_Oswego,36075
NY_Madison,36053
NY_Cortland,36023
NY_Oneida,36065
NY_Tompkins,36109
NY_Seneca,36099
NY_Chenango,36017
NY_Wayne,36117
NY_Lewis,36049
NY_Herkimer,36043
NY_Jefferson,36045
NY_Tioga,36107
NY_Broome,36007
NY_Erie,36029
NY_Genesee,36037
NY_Niagara,36063
NY_Wyoming,36121
NY_Allegany,36003
NY_Cattaraugus,36009
NY_Chautauqua,36013
NY_Orleans,36073
NY_Monroe,36055
NY_Livingston,36051
NY_Yates,36123
NY_Ontario,36069
NY_Steuben,36101
NY_Schuyler,36097
NY_Chemung,36015
PA_Beaver,42007
PA_Washington,42125
PA_Allegheny,42003
PA_Westmoreland,42129
PA_Greene,42059
PA_Fayette,42051
PA_Somerset,42111
PA_Bedford,42009
PA_Fulton,42057
PA_Armstrong,42005
PA_Indiana,42063
PA_Jefferson,42065
PA_Cambria,42021
PA_Clearfield,42033
PA_Elk,42047
PA_Cameron,42023
PA_Butler,42019
PA_Clarion,42031
PA_Lawrence,42073
PA_Crawford,42039
PA_Mercer,42085
PA_Forest,42053
PA_Venango,42121
PA_Warren,42123
PA_McKean,42083
PA_Erie,42049
PA_Blair,42013
PA_Huntingdon,42061
PA_Centre,42027
PA_Potter,42105
PA_Clinton,42035
PA_Tioga,42117
PA_Bradford,42015
PA_Cumberland,42041
PA_Lebanon,42075
PA_Mifflin,42087
PA_Dauphin,42043
PA_Perry,42099
PA_Juniata,42067
PA_Northumberland,42097
PA_York,42133
PA_Lancaster,42071
PA_Snyder,42109
PA_Berks,42011
PA_Franklin,42055
PA_Adams,42001
PA_Lycoming,42081
PA_Sullivan,42113
PA_Columbia,42037
PA_Montour,42093
PA_Union,42119
PA_Schuylkill,42107
PA_Lehigh,42077
PA_Northampton,42095
PA_Carbon,42025
PA_Bucks,42017
PA_Montgomery,42091
PA_Monroe,42089
PA_Luzerne,42079
PA_Pike,42103
PA_Susquehanna,42115
PA_Lackawanna,42069
PA_Wayne,42127
PA_Wyoming,42131
PA_Delaware,42045
PA_Philadelphia,42101
PA_Chester,42029
DE_New Castle,10003
DE_Kent,10001
DE_Sussex,10005
DC_District of Columbia,11001
VA_Fairfax,51059
MD_Montgomery,24031
VA_Loudoun,51107
VA_Culpeper,51047
VA_Manassas,51683
VA_Prince William,51153
VA_Manassas Park,51685
VA_Fauquier,51061
VA_Clarke,51043
VA_Arlington,51013
MD_Prince Georges,24033
MD_Charles,24017
MD_St. Marys,24037
MD_Calvert,24009
MD_Anne Arundel,24003
MD_Howard,24027
MD_Harford,24025
MD_Baltimore,24005
MD_Carroll,24013
MD_Baltimore City,24510
MD_Allegany,24001
MD_Garrett,24023
MD_Talbot,24041
MD_Queen Annes,24035
MD_Caroline,24011
MD_Kent,24029
MD_Dorchester,24019
MD_Frederick,24021
MD_Washington,24043
MD_Wicomico,24045
MD_Somerset,24039
MD_Cecil,24015
VA_Fairfax City,51600
VA_Falls Church,51610
VA_Stafford,51179
VA_Alexandria,51510
VA_Fredericksburg,51630
VA_Spotsylvania,51177
VA_Caroline,51033
VA_Northumberland,51133
VA_Orange,51137
VA_Essex,51057
VA_Westmoreland,51193
VA_King George,51099
VA_Richmond,51159
VA_Lancaster,51103
VA_Winchester,51840
VA_Frederick,51069
VA_Warren,51187
VA_Rappahannock,51157
VA_Shenandoah,51171
VA_Page,51139
VA_Madison,51113
VA_Harrisonburg,51660
VA_Rockingham,51165
VA_Augusta,51015
VA_Albemarle,51003
VA_Charlottesville,51540
VA_Nelson,51125
VA_Greene,51079
VA_Louisa,51109
VA_Fluvanna,51065
VA_Waynesboro,51820
VA_Gloucester,51073
VA_Amelia,51007
VA_Buckingham,51029
VA_Hanover,51085
VA_King William,51101
VA_New Kent,51127
VA_Goochland,51075
VA_Mathews,51115
VA_King and Queen,51097
VA_Cumberland,51049
VA_Charles City,51036
VA_Middlesex,51119
VA_Henrico,51087
VA_James City,51095
VA_York,51199
VA_Powhatan,51145
VA_Chesterfield,51041
VA_Richmond City,51760
VA_Williamsburg,51830
VA_Accomack,51001
VA_Isle of Wight,51093
VA_Northampton,51131
VA_Chesapeake,51550
VA_Suffolk,51800
VA_Virginia Beach,51810
VA_Norfolk,51710
VA_Newport News,51700
VA_Hampton,51650
VA_Poquoson,51735
VA_Portsmouth,51740
VA_Prince George,51149
VA_Petersburg,51730
VA_Brunswick,51025
VA_Dinwiddie,51053
VA_Nottoway,51135
VA_Southampton,51175
VA_Colonial Heights,51570
VA_Surry,51181
VA_Greensville,51081
VA_Franklin City,51620
VA_Hopewell,51670
VA_Sussex,51183
VA_Prince Edward,51147
VA_Mecklenburg,51117
VA_Charlotte,51037
VA_Appomattox,51011
VA_Lunenburg,51111
VA_Roanoke City,51770
VA_Roanoke,51161
VA_Patrick,51141
VA_Henry,51089
VA_Pulaski,51155
VA_Montgomery,51121
VA_Botetourt,51023
VA_Franklin,51067
VA_Pittsylvania,51143
VA_Floyd,51063
VA_Giles,51071
VA_Bedford,51019
VA_Martinsville,51690
VA_Craig,51045
VA_Radford,51750
VA_Salem,51775
VA_Bristol,51520
VA_Washington,51191
TN_Sullivan,47163
VA_Wise,51195
VA_Dickenson,51051
VA_Lee,51105
VA_Russell,51167
VA_Buchanan,51027
VA_Scott,51169
VA_Norton,51720
VA_Grayson,51077
VA_Smyth,51173
VA_Carroll,51035
VA_Wythe,51197
VA_Bland,51021
VA_Tazewell,51185
VA_Galax,51640
VA_Staunton,51790
VA_Bath,51017
VA_Highland,51091
VA_Rockbridge,51163
VA_Buena Vista City,51530
VA_Alleghany,51005
VA_Lexington,51678
VA_Lynchburg,51680
VA_Campbell,51031
VA_Halifax,51083
VA_Amherst,51009
VA_Danville,51590
WV_Mercer,54055
WV_Wyoming,54109
WV_McDowell,54047
WV_Greenbrier,54025
WV_Summers,54089
WV_Pocahontas,54075
WV_Monroe,54063
WV_Kanawha,54039
WV_Raleigh,54081
WV_Roane,54087
WV_Boone,54005
WV_Putnam,54079
WV_Clay,54015
WV_Logan,54045
WV_Nicholas,54067
WV_Fayette,54019
WV_Mason,54053
WV_Jackson,54035
WV_Calhoun,54013
WV_Gilmer,54021
WV_Berkeley,54003
WV_Jefferson,54037
WV_Morgan,54065
WV_Hampshire,54027
WV_Lincoln,54043
WV_Cabell,54011
WV_Wayne,54099
WV_Mingo,54059
WV_Ohio,54069
WV_Brooke,54009
WV_Marshall,54051
WV_Hancock,54029
WV_Wetzel,54103
WV_Wood,54107
WV_Pleasants,54073
WV_Wirt,54105
WV_Tyler,54095
WV_Ritchie,54085
WV_Upshur,54097
WV_Webster,54101
WV_Randolph,54083
WV_Barbour,54001
WV_Tucker,54093
WV_Harrison,54033
WV_Lewis,54041
WV_Doddridge,54017
WV_Braxton,54007
WV_Taylor,54091
WV_Preston,54077
WV_Monongalia,54061
WV_Marion,54049
WV_Grant,54023
WV_Mineral,54057
WV_Hardy,54031
WV_Pendleton,54071
NC_Davie,37059
NC_Surry,37171
NC_Forsyth,37067
NC_Yadkin,37197
NC_Rowan,37159
NC_Stokes,37169
NC_Rockingham,37157
NC_Davidson,37057
NC_Alamance,37001
NC_Randolph,37151
NC_Chatham,37037
NC_Montgomery,37123
NC_Caswell,37033
NC_Guilford,37081
NC_Orange,37135
NC_Lee,37105
NC_Moore,37125
NC_Person,37145
NC_Harnett,37085
NC_Wake,37183
NC_Durham,37063
NC_Johnston,37101
NC_Granville,37077
NC_Franklin,37069
NC_Wayne,37191
NC_Vance,37181
NC_Warren,37185
NC_Nash,37127
NC_Edgecombe,37065
NC_Bertie,37015
NC_Beaufort,37013
NC_Pitt,37147
NC_Wilson,37195
NC_Hertford,37091
NC_Northampton,37131
NC_Halifax,37083
NC_Hyde,37095
NC_Martin,37117
NC_Greene,37079
NC_Pasquotank,37139
NC_Dare,37055
NC_Currituck,37053
NC_Perquimans,37143
NC_Camden,37029
NC_Tyrrell,37177
NC_Gates,37073
NC_Washington,37187
NC_Chowan,37041
NC_Stanly,37167
NC_Gaston,37071
NC_Anson,37007
NC_Iredell,37097
NC_Cleveland,37045
NC_Rutherford,37161
NC_Cabarrus,37025
NC_Mecklenburg,37119
NC_Lincoln,37109
NC_Union,37179
NC_Cumberland,37051
NC_Hoke,37093
NC_Sampson,37163
NC_Robeson,37155
NC_Bladen,37017
NC_Duplin,37061
NC_Richmond,37153
NC_Scotland,37165
NC_New Hanover,37129
NC_Brunswick,37019
NC_Pender,37141
NC_Columbus,37047
NC_Lenoir,37107
NC_Pamlico,37137
NC_Carteret,37031
NC_Craven,37049
NC_Jones,37103
NC_Catawba,37035
NC_Watauga,37189
NC_Avery,37011
NC_Wilkes,37193
NC_Caldwell,37027
NC_Burke,37023
NC_Ashe,37009
NC_Alleghany,37005
NC_Alexander,37003
NC_McDowell,37111
NC_Buncombe,37021
NC_Graham,37075
NC_Mitchell,37121
NC_Jackson,37099
NC_Transylvania,37175
NC_Henderson,37089
NC_Swain,37173
NC_Yancey,37199
NC_Haywood,37087
NC_Polk,37149
NC_Macon,37113
NC_Madison,37115
NC_Cherokee,37039
NC_Clay,37043
SC_Clarendon,45027
SC_Richland,45079
SC_Bamberg,45009
SC_Saluda,45081
SC_Kershaw,45055
SC_Lee,45061
SC_Fairfield,45039
SC_Orangeburg,45075
SC_Calhoun,45017
SC_Chester,45023
SC_Lexington,45063
SC_Newberry,45071
SC_Sumter,45085
SC_Williamsburg,45089
SC_Lancaster,45057
SC_Darlington,45031
SC_Colleton,45029
SC_Chesterfield,45025
SC_Aiken,45003
SC_Florence,45041
SC_Spartanburg,45083
SC_Union,45087
SC_Laurens,45059
SC_Cherokee,45021
SC_Greenville,45045
SC_Charleston,45019
SC_Dorchester,45035
SC_Berkeley,45015
SC_Georgetown,45043
SC_Horry,45051
SC_Marlboro,45069
SC_Marion,45067
SC_Dillon,45033
SC_Abbeville,45001
SC_Anderson,45007
SC_Pickens,45077
SC_Oconee,45073
SC_Greenwood,45047
SC_York,45091
SC_Barnwell,45011
SC_Allendale,45005
SC_McCormick,45065
SC_Edgefield,45037
SC_Beaufort,45013
SC_Hampton,45049
SC_Jasper,45053
GA_DeKalb,13089
GA_Rockdale,13247
GA_Fulton,13121
GA_Cobb,13067
GA_Gwinnett,13135
GA_Barrow,13013
GA_Newton,13217
GA_Walton,13297
GA_Forsyth,13117
GA_Jasper,13159
GA_Cherokee,13057
GA_Bartow,13015
GA_Polk,13233
GA_Floyd,13115
GA_Carroll,13045
GA_Haralson,13143
GA_Douglas,13097
GA_Paulding,13223
GA_Gordon,13129
GA_Pickens,13227
GA_Dawson,13085
GA_Heard,13149
GA_Lamar,13171
GA_Fayette,13113
GA_Pike,13231
GA_Spalding,13255
GA_Butts,13035
GA_Meriwether,13199
GA_Coweta,13077
GA_Henry,13151
GA_Troup,13285
GA_Clayton,13063
GA_Upson,13293
GA_Emanuel,13107
GA_Montgomery,13209
GA_Wheeler,13309
GA_Jefferson,13163
GA_Evans,13109
GA_Bulloch,13031
GA_Tattnall,13267
GA_Screven,13251
GA_Burke,13033
GA_Toombs,13279
GA_Candler,13043
GA_Jenkins,13165
GA_Laurens,13175
GA_Treutlen,13283
GA_Hall,13139
GA_Banks,13011
GA_Union,13291
GA_Fannin,13111
GA_Hart,13147
GA_Jackson,13157
GA_Franklin,13119
GA_Gilmer,13123
GA_Habersham,13137
GA_Rabun,13241
GA_White,13311
GA_Lumpkin,13187
GA_Stephens,13257
GA_Towns,13281
GA_Clarke,13059
GA_Oglethorpe,13221
GA_Oconee,13219
GA_Morgan,13211
GA_Elbert,13105
GA_Madison,13195
GA_Taliaferro,13265
GA_Greene,13133
GA_Wilkes,13317
GA_Murray,13213
GA_Walker,13295
GA_Whitfield,13313
GA_Catoosa,13047
GA_Chattooga,13055
GA_Dade,13083
GA_Columbia,13073
GA_Richmond,13245
GA_McDuffie,13189
GA_Warren,13301
GA_Glascock,13125
GA_Lincoln,13181
GA_Wilcox,13315
GA_Johnson,13167
GA_Wilkinson,13319
GA_Monroe,13207
GA_Houston,13153
GA_Taylor,13269
GA_Dooly,13093
GA_Peach,13225
GA_Crisp,13081
GA_Dodge,13091
GA_Bleckley,13023
GA_Twiggs,13289
GA_Washington,13303
GA_Putnam,13237
GA_Jones,13169
GA_Baldwin,13009
GA_Pulaski,13235
GA_Telfair,13271
GA_Macon,13193
GA_Crawford,13079
GA_Hancock,13141
GA_Bibb,13021
GA_Liberty,13179
GA_Effingham,13103
GA_McIntosh,13191
GA_Bryan,13029
GA_Long,13183
GA_Chatham,13051
GA_Ware,13299
GA_Bacon,13005
GA_Coffee,13069
GA_Appling,13001
GA_Pierce,13229
GA_Glynn,13127
GA_Jeff Davis,13161
GA_Charlton,13049
GA_Brantley,13025
GA_Wayne,13305
GA_Camden,13039
GA_Lowndes,13185
GA_Cook,13075
GA_Berrien,13019
GA_Clinch,13065
GA_Atkinson,13003
GA_Brooks,13027
GA_Thomas,13275
GA_Lanier,13173
GA_Echols,13101
GA_Dougherty,13095
GA_Sumter,13261
GA_Calhoun,13037
GA_Turner,13287
GA_Decatur,13087
GA_Mitchell,13205
GA_Colquitt,13071
GA_Early,13099
GA_Clay,13061
GA_Terrell,13273
GA_Tift,13277
GA_Grady,13131
GA_Randolph,13243
GA_Miller,13201
GA_Seminole,13253
GA_Ben Hill,13017
GA_Quitman,13239
GA_Irwin,13155
GA_Lee,13177
GA_Baker,13007
GA_Worth,13321
GA_Talbot,13263
GA_Marion,13197
GA_Harris,13145
GA_Chattahoochee,13053
GA_Schley,13249
GA_Stewart,13259
GA_Muscogee,13215
GA_Webster,13307
FL_Clay,12019
FL_St. Johns,12109
FL_Putnam,12107
FL_Suwannee,12121
FL_Nassau,12089
FL_Lafayette,12067
FL_Columbia,12023
FL_Union,12125
FL_Baker,12003
FL_Bradford,12007
FL_Hamilton,12047
FL_Madison,12079
FL_Duval,12031
FL_Lake,12069
FL_Volusia,12127
FL_Flagler,12035
FL_Sumter,12119
FL_Leon,12073
FL_Franklin,12037
FL_Liberty,12077
FL_Gadsden,12039
FL_Wakulla,12129
FL_Gulf,12045
FL_Jefferson,12065
FL_Taylor,12123
FL_Bay,12005
FL_Jackson,12063
FL_Calhoun,12013
FL_Walton,12131
FL_Holmes,12059
FL_Washington,12133
FL_Escambia,12033
FL_Santa Rosa,12113
FL_Okaloosa,12091
FL_Alachua,12001
FL_Gilchrist,12041
FL_Levy,12075
FL_Dixie,12029
FL_Seminole,12117
FL_Orange,12095
FL_Hendry,12051
FL_Martin,12085
FL_Glades,12043
FL_Hillsborough,12057
FL_Pasco,12101
FL_Pinellas,12103
FL_Polk,12105
FL_Highlands,12055
FL_Hardee,12049
FL_Osceola,12097
FL_Lee,12071
FL_Charlotte,12015
FL_Collier,12021
FL_Manatee,12081
FL_Sarasota,12115
FL_DeSoto,12027
FL_Citrus,12017
FL_Hernando,12053
FL_St. Lucie,12111
FL_Okeechobee,12093
AL_St. Clair,1115
AL_Jefferson,1073
AL_Shelby,1117
AL_Tallapoosa,1123
AL_Blount,1009
AL_Talladega,1121
AL_Marshall,1095
AL_Cullman,1043
AL_Bibb,1007
AL_Walker,1127
AL_Chilton,1021
AL_Clay,1027
AL_Coosa,1037
AL_Tuscaloosa,1125
AL_Hale,1065
AL_Pickens,1107
AL_Greene,1063
AL_Sumter,1119
AL_Winston,1133
AL_Fayette,1057
AL_Marion,1093
AL_Lamar,1075
AL_Franklin,1059
AL_Morgan,1103
AL_Lauderdale,1077
AL_Limestone,1083
AL_Colbert,1033
AL_Lawrence,1079
AL_Madison,1089
AL_Jackson,1071
AL_Etowah,1055
AL_Cherokee,1019
AL_DeKalb,1049
AL_Autauga,1001
AL_Pike,1109
AL_Crenshaw,1041
AL_Montgomery,1101
AL_Butler,1013
AL_Barbour,1005
AL_Elmore,1051
AL_Bullock,1011
AL_Macon,1087
AL_Lowndes,1085
AL_Covington,1039
AL_Calhoun,1015
AL_Cleburne,1029
AL_Randolph,1111
AL_Houston,1069
AL_Henry,1067
AL_Dale,1045
AL_Geneva,1061
AL_Coffee,1031
AL_Conecuh,1035
AL_Monroe,1099
AL_Escambia,1053
AL_Wilcox,1131
AL_Clarke,1025
AL_Mobile,1097
AL_Baldwin,1003
AL_Washington,1129
AL_Dallas,1047
AL_Marengo,1091
AL_Perry,1105
AL_Lee,1081
AL_Russell,1113
AL_Chambers,1017
AL_Choctaw,1023
TN_Robertson,47147
TN_Davidson,47037
TN_DeKalb,47041
TN_Williamson,47187
TN_Cheatham,47021
TN_Wilson,47189
TN_Coffee,47031
TN_Marshall,47117
TN_Bedford,47003
TN_Sumner,47165
TN_Stewart,47161
TN_Hickman,47081
TN_Cannon,47015
TN_Dickson,47043
TN_Smith,47159
TN_Rutherford,47149
TN_Montgomery,47125
TN_Trousdale,47169
TN_Houston,47083
TN_Humphreys,47085
TN_Macon,47111
TN_Perry,47135
TN_Warren,47177
TN_Lincoln,47103
TN_Maury,47119
TN_Grundy,47061
TN_Hamilton,47065
TN_McMinn,47107
TN_Franklin,47051
TN_Polk,47139
TN_Meigs,47121
TN_Bradley,47011
TN_Monroe,47123
TN_Rhea,47143
TN_Sequatchie,47153
TN_Bledsoe,47007
TN_Marion,47115
TN_Moore,47127
TN_Shelby,47157
TN_Washington,47179
TN_Greene,47059
TN_Carter,47019
TN_Hawkins,47073
TN_Unicoi,47171
TN_Johnson,47091
TN_Blount,47009
TN_Anderson,47001
TN_Claiborne,47025
TN_Grainger,47057
TN_Cocke,47029
TN_Campbell,47013
TN_Morgan,47129
TN_Knox,47093
TN_Cumberland,47035
TN_Jefferson,47089
TN_Scott,47151
TN_Sevier,47155
TN_Loudon,47105
TN_Roane,47145
TN_Hancock,47067
TN_Hamblen,47063
TN_Union,47173
TN_Crockett,47033
TN_Tipton,47167
TN_Dyer,47045
TN_Hardeman,47069
TN_Fayette,47047
TN_Haywood,47075
TN_Lauderdale,47097
TN_McNairy,47109
TN_Lake,47095
TN_Carroll,47017
TN_Benton,47005
TN_Henry,47079
TN_Weakley,47183
TN_Obion,47131
TN_Gibson,47053
TN_Madison,47113
TN_Decatur,47039
TN_Hardin,47071
TN_Henderson,47077
TN_Chester,47023
TN_Wayne,47181
TN_Giles,47055
TN_Lawrence,47099
TN_Lewis,47101
TN_Putnam,47141
TN_Fentress,47049
TN_Overton,47133
TN_Jackson,47087
TN_Pickett,47137
TN_Clay,47027
TN_White,47185
TN_Van Buren,47175
MS_Lafayette,28071
MS_Tate,28137
MS_Benton,28009
MS_Panola,28107
MS_Quitman,28119
MS_Tippah,28139
MS_Marshall,28093
MS_Coahoma,28027
MS_Tunica,28143
MS_Union,28145
MS_DeSoto,28033
MS_Washington,28151
MS_Sharkey,28125
MS_Bolivar,28011
MS_Sunflower,28133
MS_Issaquena,28055
MS_Humphreys,28053
MS_Lee,28081
MS_Pontotoc,28115
MS_Monroe,28095
MS_Prentiss,28117
MS_Tishomingo,28141
MS_Alcorn,28003
MS_Calhoun,28013
MS_Itawamba,28057
MS_Chickasaw,28017
MS_Grenada,28043
MS_Carroll,28015
MS_Tallahatchie,28135
MS_Yalobusha,28161
MS_Holmes,28051
MS_Montgomery,28097
MS_Leflore,28083
MS_Yazoo,28163
MS_Hinds,28049
MS_Rankin,28121
MS_Simpson,28127
MS_Madison,28089
MS_Leake,28079
MS_Newton,28101
MS_Copiah,28029
MS_Attala,28007
MS_Jefferson,28063
MS_Scott,28123
MS_Claiborne,28021
MS_Neshoba,28099
MS_Smith,28129
MS_Covington,28031
MS_Adams,28001
MS_Lawrence,28077
MS_Warren,28149
MS_Lauderdale,28075
MS_Wayne,28153
MS_Kemper,28069
MS_Clarke,28023
MS_Jasper,28061
MS_Winston,28159
MS_Noxubee,28103
MS_Greene,28041
MS_Forrest,28035
MS_Lamar,28073
MS_Jefferson Davis,28065
MS_Perry,28111
MS_Pearl River,28109
MS_Marion,28091
MS_Jones,28067
MS_George,28039
MS_Harrison,28047
MS_Hancock,28045
MS_Jackson,28059
MS_Stone,28131
MS_Lincoln,28085
MS_Franklin,28037
MS_Wilkinson,28157
MS_Pike,28113
MS_Amite,28005
MS_Walthall,28147
MS_Lowndes,28087
MS_Choctaw,28019
MS_Webster,28155
MS_Clay,28025
MS_Oktibbeha,28105
KY_Shelby,21211
KY_Nelson,21179
KY_Trimble,21223
KY_Henry,21103
KY_Marion,21155
KY_Oldham,21185
KY_Jefferson,21111
KY_Washington,21229
KY_Spencer,21215
KY_Bullitt,21029
KY_Meade,21163
KY_Breckinridge,21027
KY_Hardin,21093
KY_Mercer,21167
KY_Nicholas,21181
KY_Powell,21197
KY_Rowan,21205
KY_Menifee,21165
KY_Clark,21049
KY_Scott,21209
KY_Montgomery,21173
KY_Estill,21065
KY_Jessamine,21113
KY_Anderson,21005
KY_Woodford,21239
KY_Bourbon,21017
KY_Owen,21187
KY_Bath,21011
KY_Madison,21151
KY_Jackson,21109
KY_Rockcastle,21203
KY_Garrard,21079
KY_Lincoln,21137
KY_Boyle,21021
KY_Casey,21045
KY_Fayette,21067
KY_Franklin,21073
KY_Whitley,21235
KY_Knox,21121
KY_Laurel,21125
KY_Harlan,21095
KY_Leslie,21131
KY_Bell,21013
KY_Letcher,21133
KY_Clay,21051
KY_Perry,21193
KY_Campbell,21037
KY_Bracken,21023
KY_Harrison,21097
KY_Boone,21015
KY_Pendleton,21191
KY_Carroll,21041
KY_Grant,21081
KY_Kenton,21117
KY_Mason,21161
KY_Fleming,21069
KY_Gallatin,21077
KY_Robertson,21201
KY_Boyd,21019
KY_Greenup,21089
KY_Lawrence,21127
KY_Lewis,21135
KY_Carter,21043
KY_Elliott,21063
KY_Martin,21159
KY_Johnson,21115
KY_Floyd,21071
KY_Wolfe,21237
KY_Breathitt,21025
KY_Lee,21129
KY_Owsley,21189
KY_Morgan,21175
KY_Magoffin,21153
KY_Pike,21195
KY_Knott,21119
KY_McCracken,21145
KY_Calloway,21035
KY_Carlisle,21039
KY_Ballard,21007
KY_Marshall,21157
KY_Graves,21083
KY_Livingston,21139
KY_Hickman,21105
KY_Crittenden,21055
KY_Lyon,21143
KY_Fulton,21075
KY_Warren,21227
KY_Allen,21003
KY_Barren,21009
KY_Metcalfe,21169
KY_Monroe,21171
KY_Simpson,21213
KY_Edmonson,21061
KY_Butler,21031
KY_Logan,21141
KY_Todd,21219
KY_Trigg,21221
KY_Christian,21047
KY_Daviess,21059
KY_Ohio,21183
KY_Muhlenberg,21177
KY_McLean,21149
KY_Hancock,21091
KY_Henderson,21101
KY_Webster,21233
KY_Hopkins,21107
KY_Caldwell,21033
KY_Union,21225
KY_Pulaski,21199
KY_Wayne,21231
KY_Clinton,21053
KY_Russell,21207
KY_McCreary,21147
KY_Cumberland,21057
KY_Grayson,21085
KY_Hart,21099
KY_Adair,21001
KY_Larue,21123
KY_Taylor,21217
KY_Green,21087
OH_Licking,39089
OH_Franklin,39049
OH_Morrow,39117
OH_Knox,39083
OH_Holmes,39075
OH_Union,39159
OH_Champaign,39021
OH_Clark,39023
OH_Delaware,39041
OH_Madison,39097
OH_Fairfield,39045
OH_Perry,39127
OH_Ross,39141
OH_Pickaway,39129
OH_Fayette,39047
OH_Hocking,39073
OH_Marion,39101
OH_Hardin,39065
OH_Logan,39091
OH_Wyandot,39175
OH_Wood,39173
OH_Sandusky,39143
OH_Ottawa,39123
OH_Lucas,39095
OH_Erie,39043
OH_Williams,39171
OH_Fulton,39051
OH_Henry,39069
OH_Defiance,39039
OH_Muskingum,39119
OH_Noble,39121
OH_Belmont,39013
OH_Guernsey,39059
OH_Morgan,39115
OH_Monroe,39111
OH_Coshocton,39031
OH_Tuscarawas,39157
OH_Jefferson,39081
OH_Harrison,39067
OH_Columbiana,39029
OH_Lorain,39093
OH_Ashtabula,39007
OH_Cuyahoga,39035
OH_Geauga,39055
OH_Lake,39085
OH_Summit,39153
OH_Portage,39133
OH_Medina,39103
OH_Wayne,39169
OH_Mahoning,39099
OH_Trumbull,39155
OH_Carroll,39019
OH_Stark,39151
OH_Seneca,39147
OH_Hancock,39063
OH_Ashland,39005
OH_Richland,39139
OH_Crawford,39033
OH_Huron,39077
OH_Hamilton,39061
OH_Preble,39135
OH_Butler,39017
OH_Warren,39165
OH_Brown,39015
OH_Clermont,39025
OH_Adams,39001
OH_Clinton,39027
OH_Highland,39071
OH_Greene,39057
OH_Shelby,39149
OH_Darke,39037
OH_Montgomery,39113
OH_Miami,39109
OH_Pike,39131
OH_Gallia,39053
OH_Lawrence,39087
OH_Jackson,39079
OH_Vinton,39163
OH_Scioto,39145
OH_Athens,39009
OH_Meigs,39105
OH_Washington,39167
OH_Allen,39003
OH_Paulding,39125
OH_Putnam,39137
OH_Auglaize,39011
OH_Mercer,39107
OH_Van Wert,39161
IN_Madison,18095
IN_Hamilton,18057
IN_Clinton,18023
IN_Hancock,18059
IN_Tipton,18159
IN_Boone,18011
IN_Hendricks,18063
IN_Rush,18139
IN_Putnam,18133
IN_Johnson,18081
IN_Marion,18097
IN_Shelby,18145
IN_Morgan,18109
IN_Henry,18065
IN_Brown,18013
IN_Porter,18127
IN_Lake,18089
IN_Jasper,18073
IN_LaPorte,18091
IN_Newton,18111
IN_Starke,18149
IN_Marshall,18099
IN_Kosciusko,18085
IN_Elkhart,18039
IN_St. Joseph,18141
IN_LaGrange,18087
IN_Noble,18113
IN_Huntington,18069
IN_Steuben,18151
IN_Allen,18003
IN_DeKalb,18033
IN_Adams,18001
IN_Wells,18179
IN_Whitley,18183
IN_Howard,18067
IN_Fulton,18049
IN_Miami,18103
IN_Carroll,18015
IN_Grant,18053
IN_Cass,18017
IN_Wabash,18169
IN_Pulaski,18131
IN_Dearborn,18029
IN_Union,18161
IN_Ripley,18137
IN_Franklin,18047
IN_Switzerland,18155
IN_Ohio,18115
IN_Scott,18143
IN_Clark,18019
IN_Harrison,18061
IN_Washington,18175
IN_Crawford,18025
IN_Floyd,18043
IN_Orange,18117
IN_Jefferson,18077
IN_Bartholomew,18005
IN_Jackson,18071
IN_Jennings,18079
IN_Decatur,18031
IN_Delaware,18035
IN_Fayette,18041
IN_Wayne,18177
IN_Jay,18075
IN_Randolph,18135
IN_Blackford,18009
IN_Monroe,18105
IN_Lawrence,18093
IN_Greene,18055
IN_Owen,18119
IN_Clay,18021
IN_Daviess,18027
IN_Knox,18083
IN_Dubois,18037
IN_Perry,18123
IN_Martin,18101
IN_Warrick,18173
IN_Spencer,18147
IN_Pike,18125
IN_Posey,18129
IN_Gibson,18051
IN_Vanderburgh,18163
IN_Vigo,18167
IN_Parke,18121
IN_Vermillion,18165
IN_Sullivan,18153
IN_Tippecanoe,18157
IN_Montgomery,18107
IN_Warren,18171
IN_Fountain,18045
IN_Benton,18007
IN_White,18181
MI_St. Clair,26147
MI_Lapeer,26087
MI_Macomb,26099
MI_Oakland,26125
MI_Wayne,26163
MI_Washtenaw,26161
MI_Monroe,26115
MI_Livingston,26093
MI_Sanilac,26151
MI_Genesee,26049
MI_Huron,26063
MI_Shiawassee,26155
MI_Saginaw,26145
MI_Tuscola,26157
MI_Gladwin,26051
MI_Bay,26017
MI_Gratiot,26057
MI_Clare,26035
MI_Midland,26111
MI_Oscoda,26135
MI_Roscommon,26143
MI_Ogemaw,26129
MI_Arenac,26011
MI_Alcona,26001
MI_Iosco,26069
MI_Isabella,26073
MI_Ingham,26065
MI_Clinton,26037
MI_Ionia,26067
MI_Montcalm,26117
MI_Eaton,26045
MI_Barry,26015
MI_Kalamazoo,26077
MI_Allegan,26005
MI_Calhoun,26025
MI_Van Buren,26159
MI_Berrien,26021
MI_Branch,26023
MI_St. Joseph,26149
MI_Cass,26027
MI_Jackson,26075
MI_Lenawee,26091
MI_Hillsdale,26059
MI_Kent,26081
MI_Muskegon,26121
MI_Lake,26085
MI_Mecosta,26107
MI_Newaygo,26123
MI_Ottawa,26139
MI_Mason,26105
MI_Oceana,26127
MI_Wexford,26165
MI_Grand Traverse,26055
MI_Antrim,26009
MI_Kalkaska,26079
MI_Manistee,26101
MI_Benzie,26019
MI_Leelanau,26089
MI_Osceola,26133
MI_Missaukee,26113
MI_Emmet,26047
MI_Cheboygan,26031
MI_Alpena,26007
MI_Montmorency,26119
MI_Chippewa,26033
MI_Charlevoix,26029
MI_Mackinac,26097
MI_Crawford,26039
MI_Otsego,26137
MI_Presque Isle,26141
MI_Dickinson,26043
MI_Keweenaw,26083
MI_Alger,26003
MI_Delta,26041
MI_Marquette,26103
MI_Menominee,26109
MI_Schoolcraft,26153
MI_Luce,26095
MI_Iron,26071
MI_Houghton,26061
MI_Baraga,26013
MI_Ontonagon,26131
MI_Gogebic,26053
IA_Warren,19181
IA_Guthrie,19077
IA_Dallas,19049
IA_Marshall,19127
IA_Hardin,19083
IA_Polk,19153
IA_Wayne,19185
IA_Story,19169
IA_Cass,19029
IA_Audubon,19009
IA_Mahaska,19123
IA_Jasper,19099
IA_Boone,19015
IA_Madison,19121
IA_Hamilton,19079
IA_Franklin,19069
IA_Marion,19125
IA_Adair,19001
IA_Lucas,19117
IA_Greene,19073
IA_Carroll,19027
IA_Decatur,19053
IA_Wright,19197
IA_Ringgold,19159
IA_Keokuk,19107
IA_Poweshiek,19157
IA_Union,19175
IA_Monroe,19135
IA_Tama,19171
IA_Clarke,19039
IA_Cerro Gordo,19033
IA_Hancock,19081
IA_Winnebago,19189
IA_Mitchell,19131
IA_Worth,19195
IA_Floyd,19067
IA_Kossuth,19109
IA_Webster,19187
IA_Buena Vista,19021
IA_Emmet,19063
IA_Palo Alto,19147
IA_Humboldt,19091
IA_Sac,19161
IA_Calhoun,19025
IA_Pocahontas,19151
IA_Clay,19041
IA_Butler,19023
IA_Chickasaw,19037
IA_Fayette,19065
IA_Buchanan,19019
IA_Grundy,19075
IA_Black Hawk,19013
IA_Bremer,19017
IA_Howard,19089
IA_Delaware,19055
IA_Taylor,19173
IA_Adams,19003
IA_Montgomery,19137
IA_Plymouth,19149
IA_Sioux,19167
IA_Woodbury,19193
IA_Cherokee,19035
IA_Ida,19093
IA_O Brien,19141
IA_Monona,19133
IA_Lyon,19119
IA_Osceola,19143
IA_Dickinson,19059
IA_Crawford,19047
IA_Shelby,19165
IA_Pottawattamie,19155
IA_Harrison,19085
IA_Mills,19129
IA_Page,19145
IA_Fremont,19071
IA_Dubuque,19061
IA_Jackson,19097
IA_Jones,19105
IA_Clayton,19043
IA_Clinton,19045
IA_Winneshiek,19191
IA_Allamakee,19005
IA_Washington,19183
IA_Linn,19113
IA_Iowa,19095
IA_Benton,19011
IA_Cedar,19031
IA_Johnson,19103
IA_Wapello,19179
IA_Jefferson,19101
IA_Van Buren,19177
IA_Davis,19051
IA_Appanoose,19007
IA_Des Moines,19057
IA_Lee,19111
IA_Louisa,19115
IA_Henry,19087
IA_Muscatine,19139
IA_Scott,19163
WI_Sheboygan,55117
WI_Washington,55131
WI_Waukesha,55133
WI_Ozaukee,55089
WI_Dodge,55027
WI_Fond du Lac,55039
WI_Calumet,55015
WI_Manitowoc,55071
WI_Jefferson,55055
WI_Kenosha,55059
WI_Racine,55101
WI_Milwaukee,55079
WI_Walworth,55127
WI_Rock,55105
WI_Green,55045
WI_Iowa,55049
WI_Lafayette,55065
WI_Dane,55025
WI_Richland,55103
WI_Grant,55043
WI_Columbia,55021
WI_Sauk,55111
WI_La Crosse,55063
WI_Crawford,55023
WI_Adams,55001
WI_Marquette,55077
WI_Green Lake,55047
WI_Juneau,55057
WI_Polk,55095
WI_St. Croix,55109
WI_Pierce,55093
WI_Barron,55005
WI_Oconto,55083
WI_Marinette,55075
WI_Forest,55041
WI_Outagamie,55087
WI_Shawano,55115
WI_Brown,55009
WI_Florence,55037
WI_Menominee,55078
WI_Kewaunee,55061
WI_Door,55029
WI_Marathon,55073
WI_Wood,55141
WI_Portage,55097
WI_Langlade,55067
WI_Clark,55019
WI_Taylor,55119
WI_Lincoln,55069
WI_Price,55099
WI_Oneida,55085
WI_Vilas,55125
WI_Ashland,55003
WI_Iron,55051
WI_Rusk,55107
WI_Buffalo,55011
WI_Jackson,55053
WI_Trempealeau,55121
WI_Monroe,55081
WI_Vernon,55123
WI_Eau Claire,55035
WI_Pepin,55091
WI_Chippewa,55017
WI_Dunn,55033
WI_Washburn,55129
WI_Burnett,55013
WI_Bayfield,55007
WI_Douglas,55031
WI_Sawyer,55113
WI_Winnebago,55139
WI_Waupaca,55135
WI_Waushara,55137
MN_Washington,27163
MN_Chisago,27025
MN_Anoka,27003
MN_Kanabec,27065
MN_Pine,27115
MN_Isanti,27059
MN_Goodhue,27049
MN_Dakota,27037
MN_Rice,27131
MN_Scott,27139
MN_Wabasha,27157
MN_Steele,27147
MN_Ramsey,27123
MN_Hennepin,27053
MN_Wright,27171
MN_Sibley,27143
MN_Sherburne,27141
MN_Renville,27129
MN_McLeod,27085
MN_Carver,27019
MN_Stearns,27145
MN_Meeker,27093
MN_Carlton,27017
MN_Itasca,27061
MN_Aitkin,27001
MN_Olmsted,27109
MN_Mower,27099
MN_Winona,27169
MN_Dodge,27039
MN_Houston,27055
MN_Fillmore,27045
MN_Blue Earth,27013
MN_Nicollet,27103
MN_Freeborn,27047
MN_Faribault,27043
MN_Le Sueur,27079
MN_Brown,27015
MN_Watonwan,27165
MN_Martin,27091
MN_Waseca,27161
MN_Redwood,27127
MN_Cottonwood,27033
MN_Nobles,27105
MN_Jackson,27063
MN_Lincoln,27081
MN_Murray,27101
MN_Lyon,27083
MN_Rock,27133
MN_Pipestone,27117
MN_Kandiyohi,27067
MN_Stevens,27149
MN_Swift,27151
MN_Big Stone,27011
MN_Lac qui Parle,27073
MN_Traverse,27155
MN_Yellow Medicine,27173
MN_Chippewa,27023
MN_Grant,27051
MN_Douglas,27041
MN_Mille Lacs,27095
MN_Morrison,27097
MN_Todd,27153
MN_Pope,27121
MN_Otter Tail,27111
MN_Benton,27009
MN_Crow Wing,27035
MN_Cass,27021
MN_Hubbard,27057
MN_Wadena,27159
MN_Becker,27005
MN_Norman,27107
MN_Clay,27027
MN_Mahnomen,27087
MN_Polk,27119
MN_Wilkin,27167
MN_Clearwater,27029
MN_Koochiching,27071
MN_Roseau,27135
MN_Pennington,27113
MN_Marshall,27089
MN_Red Lake,27125
MN_Kittson,27069
SD_Union,46127
SD_Brookings,46011
SD_Minnehaha,46099
SD_Lincoln,46083
SD_Clay,46027
SD_McCook,46087
SD_Turner,46125
SD_Lake,46079
SD_Moody,46101
SD_Hutchinson,46067
SD_Yankton,46135
SD_Kingsbury,46077
SD_Bon Homme,46009
SD_Codington,46029
SD_Deuel,46039
SD_Grant,46051
SD_Clark,46025
SD_Day,46037
SD_Hamlin,46057
SD_Roberts,46109
SD_Marshall,46091
SD_Davison,46035
SD_Hanson,46061
SD_Beadle,46005
SD_Douglas,46043
SD_Sanborn,46111
SD_Gregory,46053
SD_Miner,46097
SD_Brule,46015
SD_Charles Mix,46023
SD_Buffalo,46017
SD_Hyde,46069
SD_Jerauld,46073
SD_Hand,46059
SD_Lyman,46085
SD_Aurora,46003
SD_Brown,46013
SD_Walworth,46129
SD_Spink,46115
SD_Edmunds,46045
SD_Faulk,46049
SD_McPherson,46089
SD_Potter,46107
SD_Hughes,46065
SD_Sully,46119
SD_Jackson,46071
SD_Tripp,46123
SD_Jones,46075
SD_Stanley,46117
SD_Bennett,46007
SD_Haakon,46055
SD_Todd,46121
SD_Mellette,46095
SD_Perkins,46105
SD_Corson,46031
SD_Ziebach,46137
SD_Dewey,46041
SD_Meade,46093
SD_Campbell,46021
SD_Harding,46063
SD_Pennington,46103
SD_Oglala Lakota,46113
SD_Butte,46019
SD_Custer,46033
SD_Lawrence,46081
SD_Fall River,46047
ND_Richland,38077
ND_Cass,38017
ND_Traill,38097
ND_Sargent,38081
ND_Ransom,38073
ND_Steele,38091
ND_Barnes,38003
ND_Grand Forks,38035
ND_Walsh,38099
ND_Nelson,38063
ND_Pembina,38067
ND_Cavalier,38019
ND_Ramsey,38071
ND_Towner,38095
ND_Pierce,38069
ND_Rolette,38079
ND_Bottineau,38009
ND_Wells,38103
ND_Benson,38005
ND_Eddy,38027
ND_Stutsman,38093
ND_McIntosh,38051
ND_LaMoure,38045
ND_Griggs,38039
ND_Foster,38031
ND_Kidder,38043
ND_Sheridan,38083
ND_Dickey,38021
ND_Logan,38047
ND_Burleigh,38015
ND_Morton,38059
ND_Mercer,38057
ND_Emmons,38029
ND_Sioux,38085
ND_Grant,38037
ND_Oliver,38065
ND_McLean,38055
ND_Stark,38089
ND_Slope,38087
ND_Golden Valley,38033
ND_Bowman,38011
ND_Dunn,38025
ND_Billings,38007
ND_McKenzie,38053
ND_Adams,38001
ND_Hettinger,38041
ND_Ward,38101
ND_McHenry,38049
ND_Burke,38013
ND_Divide,38023
ND_Renville,38075
ND_Williams,38105
ND_Mountrail,38061
MT_Stillwater,30095
MT_Yellowstone,30111
MT_Rosebud,30087
MT_Carbon,30009
MT_Treasure,30103
MT_Sweet Grass,30097
MT_Big Horn,30003
MT_Fergus,30027
MT_Wheatland,30107
MT_Golden Valley,30037
MT_Meagher,30059
MT_Musselshell,30065
MT_Garfield,30033
MT_Powder River,30075
MT_Petroleum,30069
MT_Roosevelt,30085
MT_Sheridan,30091
MT_McCone,30055
MT_Richland,30083
MT_Daniels,30019
MT_Valley,30105
MT_Dawson,30021
MT_Phillips,30071
MT_Custer,30017
MT_Carter,30011
MT_Fallon,30025
MT_Prairie,30079
MT_Wibaux,30109
MT_Lewis and Clark,30049
MT_Glacier,30035
MT_Pondera,30073
MT_Teton,30099
MT_Chouteau,30015
MT_Toole,30101
MT_Judith Basin,30045
MT_Hill,30041
MT_Liberty,30051
MT_Blaine,30005
MT_Jefferson,30043
MT_Broadwater,30007
MT_Silver Bow,30093
MT_Madison,30057
MT_Deer Lodge,30023
MT_Powell,30077
MT_Gallatin,30031
MT_Beaverhead,30001
MT_Missoula,30063
MT_Mineral,30061
MT_Lake,30047
MT_Ravalli,30081
MT_Sanders,30089
MT_Granite,30039
MT_Flathead,30029
MT_Lincoln,30053
IL_McHenry,17111
IL_Lake,17097
IL_Cook,17031
IL_DuPage,17043
IL_Kane,17089
IL_DeKalb,17037
IL_Ogle,17141
IL_Will,17197
IL_Grundy,17063
IL_Livingston,17105
IL_Kendall,17093
IL_La Salle,17099
IL_Lee,17103
IL_Chicago,17031
IL_Kankakee,17091
IL_Iroquois,17075
IL_Ford,17053
IL_Vermilion,17183
IL_Champaign,17019
IL_Jo Daviess,17085
IL_Boone,17007
IL_Stephenson,17177
IL_Carroll,17015
IL_Winnebago,17201
IL_Whiteside,17195
IL_Rock Island,17161
IL_Mercer,17131
IL_Henry,17073
IL_Bureau,17011
IL_Putnam,17155
IL_Marshall,17123
IL_Knox,17095
IL_McDonough,17109
IL_Fulton,17057
IL_Warren,17187
IL_Henderson,17071
IL_Stark,17175
IL_Hancock,17067
IL_Peoria,17143
IL_Schuyler,17169
IL_Woodford,17203
IL_Mason,17125
IL_Tazewell,17179
IL_McLean,17113
IL_Logan,17107
IL_De Witt,17039
IL_Macon,17115
IL_Piatt,17147
IL_Douglas,17041
IL_Moultrie,17139
IL_Coles,17029
IL_Edgar,17045
IL_Shelby,17173
IL_Madison,17119
IL_Calhoun,17013
IL_Macoupin,17117
IL_Fayette,17051
IL_Jersey,17083
IL_Montgomery,17135
IL_Greene,17061
IL_Bond,17005
IL_St. Clair,17163
IL_Christian,17021
IL_Washington,17189
IL_Clinton,17027
IL_Randolph,17157
IL_Monroe,17133
IL_Perry,17145
IL_Jackson,17077
IL_Adams,17001
IL_Pike,17149
IL_Brown,17009
IL_Effingham,17049
IL_Wabash,17185
IL_Crawford,17033
IL_Lawrence,17101
IL_Richland,17159
IL_Clark,17023
IL_Clay,17025
IL_Cumberland,17035
IL_Jasper,17079
IL_Wayne,17191
IL_Edwards,17047
IL_Sangamon,17167
IL_Morgan,17137
IL_Scott,17171
IL_Cass,17017
IL_Menard,17129
IL_Marion,17121
IL_Franklin,17055
IL_Jefferson,17081
IL_Hamilton,17065
IL_White,17193
IL_Williamson,17199
IL_Gallatin,17059
IL_Union,17181
IL_Johnson,17087
IL_Massac,17127
IL_Alexander,17003
IL_Saline,17165
IL_Hardin,17069
IL_Pope,17151
IL_Pulaski,17153
MO_St. Louis,29189
MO_Jefferson,29099
MO_Franklin,29071
MO_Washington,29221
MO_St. Francois,29187
MO_Gasconade,29073
MO_St. Louis City,29510
MO_St. Charles,29183
MO_Pike,29163
MO_Montgomery,29139
MO_Warren,29219
MO_Lincoln,29113
MO_Audrain,29007
MO_Callaway,29027
MO_Marion,29127
MO_Clark,29045
MO_Macon,29121
MO_Scotland,29199
MO_Shelby,29205
MO_Lewis,29111
MO_Ralls,29173
MO_Knox,29103
MO_Adair,29001
MO_Schuyler,29197
MO_Sullivan,29211
MO_Putnam,29171
MO_Linn,29115
MO_Iron,29093
MO_Reynolds,29179
MO_Ste. Genevieve,29186
MO_Wayne,29223
MO_Madison,29123
MO_Bollinger,29017
MO_Cape Girardeau,29031
MO_Stoddard,29207
MO_Perry,29157
MO_Scott,29201
MO_Mississippi,29133
MO_Dunklin,29069
MO_Pemiscot,29155
MO_New Madrid,29143
MO_Butler,29023
MO_Ripley,29181
MO_Carter,29035
MO_Lafayette,29107
MO_Jackson,29095
MO_Cass,29037
MO_Ray,29177
MO_Platte,29165
MO_Johnson,29101
MO_Clay,29047
MO_Buchanan,29021
MO_Gentry,29075
MO_Worth,29227
MO_Andrew,29003
MO_DeKalb,29063
MO_Nodaway,29147
MO_Harrison,29081
MO_Clinton,29049
MO_Holt,29087
MO_Atchison,29005
MO_Livingston,29117
MO_Daviess,29061
MO_Carroll,29033
MO_Caldwell,29025
MO_Mercer,29129
MO_Grundy,29079
MO_Chariton,29041
MO_Bates,29013
MO_St. Clair,29185
MO_Henry,29083
MO_Vernon,29217
MO_Cedar,29039
MO_Barton,29011
MO_Jasper,29097
MO_Newton,29145
MO_McDonald,29119
MO_Lawrence,29109
MO_Barry,29009
MO_Osage,29151
MO_Boone,29019
MO_Morgan,29141
MO_Maries,29125
MO_Miller,29131
MO_Moniteau,29135
MO_Camden,29029
MO_Cole,29051
MO_Cooper,29053
MO_Howard,29089
MO_Randolph,29175
MO_Monroe,29137
MO_Pettis,29159
MO_Saline,29195
MO_Benton,29015
MO_Phelps,29161
MO_Texas,29215
MO_Shannon,29203
MO_Dent,29065
MO_Crawford,29055
MO_Pulaski,29169
MO_Laclede,29105
MO_Howell,29091
MO_Dallas,29059
MO_Polk,29167
MO_Dade,29057
MO_Greene,29077
MO_Oregon,29149
MO_Douglas,29067
MO_Ozark,29153
MO_Christian,29043
MO_Stone,29209
MO_Taney,29213
MO_Hickory,29085
MO_Webster,29225
MO_Wright,29229
KS_Atchison,20005
KS_Douglas,20045
KS_Leavenworth,20103
KS_Doniphan,20043
KS_Linn,20107
KS_Miami,20121
KS_Anderson,20003
KS_Johnson,20091
KS_Franklin,20059
KS_Jefferson,20087
KS_Wyandotte,20209
KS_Wabaunsee,20197
KS_Shawnee,20177
KS_Marshall,20117
KS_Nemaha,20131
KS_Pottawatomie,20149
KS_Osage,20139
KS_Jackson,20085
KS_Brown,20013
KS_Geary,20061
KS_Riley,20161
KS_Bourbon,20011
KS_Wilson,20205
KS_Crawford,20037
KS_Cherokee,20021
KS_Neosho,20133
KS_Allen,20001
KS_Woodson,20207
KS_Lyon,20111
KS_Morris,20127
KS_Coffey,20031
KS_Chase,20017
KS_Butler,20015
KS_Marion,20115
KS_Greenwood,20073
KS_Cloud,20029
KS_Republic,20157
KS_Smith,20183
KS_Washington,20201
KS_Jewell,20089
KS_Sedgwick,20173
KS_Harper,20077
KS_Sumner,20191
KS_Cowley,20035
KS_Harvey,20079
KS_Pratt,20151
KS_Chautauqua,20019
KS_Comanche,20033
KS_Kingman,20095
KS_Kiowa,20097
KS_Barber,20007
KS_McPherson,20113
KS_Montgomery,20125
KS_Labette,20099
KS_Elk,20049
KS_Saline,20169
KS_Dickinson,20041
KS_Lincoln,20105
KS_Mitchell,20123
KS_Ottawa,20143
KS_Rice,20159
KS_Clay,20027
KS_Osborne,20141
KS_Ellsworth,20053
KS_Reno,20155
KS_Barton,20009
KS_Rush,20165
KS_Ness,20135
KS_Edwards,20047
KS_Pawnee,20145
KS_Stafford,20185
KS_Ellis,20051
KS_Phillips,20147
KS_Norton,20137
KS_Graham,20065
KS_Russell,20167
KS_Trego,20195
KS_Rooks,20163
KS_Decatur,20039
KS_Thomas,20193
KS_Rawlins,20153
KS_Cheyenne,20023
KS_Sherman,20181
KS_Gove,20063
KS_Sheridan,20179
KS_Logan,20109
KS_Wallace,20199
KS_Ford,20057
KS_Clark,20025
KS_Finney,20055
KS_Hamilton,20075
KS_Gray,20069
KS_Kearny,20093
KS_Lane,20101
KS_Meade,20119
KS_Hodgeman,20083
KS_Stanton,20187
KS_Seward,20175
KS_Wichita,20203
KS_Scott,20171
KS_Haskell,20081
KS_Greeley,20071
KS_Grant,20067
KS_Morton,20129
KS_Stevens,20189
NE_Butler,31023
NE_Washington,31177
NE_Saunders,31155
NE_Cuming,31039
NE_Sarpy,31153
NE_Douglas,31055
NE_Cass,31025
NE_Burt,31021
NE_Dodge,31053
NE_Dakota,31043
NE_Thurston,31173
NE_Gage,31067
NE_Thayer,31169
NE_Nemaha,31127
NE_Seward,31159
NE_York,31185
NE_Lancaster,31109
NE_Pawnee,31133
NE_Otoe,31131
NE_Johnson,31097
NE_Saline,31151
NE_Richardson,31147
NE_Jefferson,31095
NE_Fillmore,31059
NE_Clay,31035
NE_Platte,31141
NE_Boone,31011
NE_Wheeler,31183
NE_Nance,31125
NE_Merrick,31121
NE_Colfax,31037
NE_Antelope,31003
NE_Polk,31143
NE_Greeley,31077
NE_Madison,31119
NE_Dixon,31051
NE_Holt,31089
NE_Rock,31149
NE_Cedar,31027
NE_Knox,31107
NE_Boyd,31015
NE_Wayne,31179
NE_Pierce,31139
NE_Keya Paha,31103
NE_Stanton,31167
NE_Hall,31079
NE_Buffalo,31019
NE_Custer,31041
NE_Valley,31175
NE_Sherman,31163
NE_Hamilton,31081
NE_Howard,31093
NE_Blaine,31009
NE_Garfield,31071
NE_Dawson,31047
NE_Loup,31115
NE_Adams,31001
NE_Harlan,31083
NE_Furnas,31065
NE_Phelps,31137
NE_Kearney,31099
NE_Webster,31181
NE_Franklin,31061
NE_Nuckolls,31129
NE_Gosper,31073
NE_Red Willow,31145
NE_Dundy,31057
NE_Chase,31029
NE_Hitchcock,31087
NE_Frontier,31063
NE_Hayes,31085
NE_Lincoln,31111
NE_Arthur,31005
NE_Deuel,31049
NE_Morrill,31123
NE_Keith,31101
NE_Kimball,31105
NE_Cheyenne,31033
NE_Perkins,31135
NE_Cherry,31031
NE_Thomas,31171
NE_Garden,31069
NE_Hooker,31091
NE_Logan,31113
NE_McPherson,31117
NE_Brown,31017
NE_Box Butte,31013
NE_Grant,31075
NE_Sheridan,31161
NE_Dawes,31045
NE_Scotts Bluff,31157
NE_Banner,31007
NE_Sioux,31165
LA_Jefferson,22051
LA_St. Charles,22089
LA_St. John the Baptist,22095
LA_St. James,22093
LA_Orleans,22071
LA_Assumption,22007
LA_St. Mary,22101
LA_Ascension,22005
LA_St. Martin,22099
LA_Tangipahoa,22105
LA_St. Tammany,22103
LA_St. Helena,22091
LA_Washington,22117
LA_Livingston,22063
LA_Lafayette,22055
LA_Vermilion,22113
LA_St. Landry,22097
LA_Acadia,22001
LA_Evangeline,22039
LA_Jefferson Davis,22053
LA_Calcasieu,22019
LA_Cameron,22023
LA_Beauregard,22011
LA_Allen,22003
LA_Vernon,22115
LA_East Baton Rouge,22033
LA_West Baton Rouge,22121
LA_West Feliciana,22125
LA_Pointe Coupee,22077
LA_Iberville,22047
LA_East Feliciana,22037
LA_Bienville,22013
LA_Natchitoches,22069
LA_Claiborne,22027
LA_Caddo,22017
LA_Bossier,22015
LA_Webster,22119
LA_Red River,22081
LA_De Soto,22031
LA_Sabine,22085
LA_Ouachita,22073
LA_Richland,22083
LA_Franklin,22041
LA_Morehouse,22067
LA_Union,22111
LA_Jackson,22049
LA_Lincoln,22061
LA_Madison,22065
LA_West Carroll,22123
LA_East Carroll,22035
LA_Rapides,22079
LA_Concordia,22029
LA_Avoyelles,22009
LA_Tensas,22107
LA_Catahoula,22025
LA_La Salle,22059
LA_Winn,22127
LA_Grant,22043
LA_Caldwell,22021
AR_Jefferson,5069
AR_Desha,5041
AR_Bradley,5011
AR_Ashley,5003
AR_Drew,5043
AR_Chicot,5017
AR_Lincoln,5079
AR_Cleveland,5025
AR_Ouachita,5103
AR_Clark,5019
AR_Nevada,5099
AR_Union,5139
AR_Dallas,5039
AR_Columbia,5027
AR_Calhoun,5013
AR_Hempstead,5057
AR_Little River,5081
AR_Sevier,5133
AR_Lafayette,5073
AR_Howard,5061
AR_Miller,5091
AR_Garland,5051
AR_Pike,5109
AR_Hot Spring,5059
AR_Polk,5113
AR_Montgomery,5097
AR_Perry,5105
AR_Saline,5125
AR_Arkansas,5001
AR_Jackson,5067
AR_Woodruff,5147
AR_Lonoke,5085
AR_White,5145
AR_Van Buren,5141
AR_Prairie,5117
AR_Monroe,5095
AR_Conway,5029
AR_Faulkner,5045
AR_Cleburne,5023
AR_Stone,5137
AR_Pulaski,5119
AR_Grant,5053
AR_Independence,5063
AR_Crittenden,5035
AR_Mississippi,5093
AR_Lee,5077
AR_Phillips,5107
AR_Cross,5037
AR_St. Francis,5123
AR_Poinsett,5111
AR_Craighead,5031
AR_Lawrence,5075
AR_Greene,5055
AR_Randolph,5121
AR_Clay,5021
AR_Sharp,5135
AR_Izard,5065
AR_Fulton,5049
AR_Baxter,5005
AR_Boone,5009
AR_Carroll,5015
AR_Marion,5089
AR_Newton,5101
AR_Searcy,5129
AR_Pope,5115
AR_Washington,5143
AR_Benton,5007
AR_Madison,5087
AR_Franklin,5047
AR_Yell,5149
AR_Logan,5083
AR_Johnson,5071
AR_Scott,5127
AR_Sebastian,5131
AR_Crawford,5033
OK_Caddo,40015
OK_Grady,40051
OK_Oklahoma,40109
OK_McClain,40087
OK_Canadian,40017
OK_Kingfisher,40073
OK_Cleveland,40027
OK_Washita,40149
OK_Logan,40083
OK_Murray,40099
OK_Blaine,40011
OK_Kiowa,40075
OK_Garvin,40049
OK_Stephens,40137
OK_Noble,40103
OK_Custer,40039
TX_Travis,48453
OK_Carter,40019
OK_Love,40085
OK_Johnston,40069
OK_Marshall,40095
OK_Bryan,40013
OK_Jefferson,40067
OK_Jackson,40065
OK_Tillman,40141
OK_Cotton,40033
OK_Harmon,40057
OK_Greer,40055
OK_Beckham,40009
OK_Roger Mills,40129
OK_Dewey,40043
OK_Garfield,40047
OK_Alfalfa,40003
OK_Woods,40151
OK_Major,40093
OK_Grant,40053
OK_Woodward,40153
OK_Ellis,40045
OK_Harper,40059
OK_Beaver,40007
OK_Texas,40139
OK_Cimarron,40025
TX_Sherman,48421
OK_Osage,40113
OK_Washington,40147
OK_Tulsa,40143
OK_Creek,40037
OK_Wagoner,40145
OK_Rogers,40131
OK_Pawnee,40117
OK_Payne,40119
OK_Lincoln,40081
OK_Nowata,40105
OK_Craig,40035
OK_Mayes,40097
OK_Delaware,40041
OK_Ottawa,40115
OK_Muskogee,40101
OK_Okmulgee,40111
OK_Pittsburg,40121
OK_McIntosh,40091
OK_Cherokee,40021
OK_Sequoyah,40135
OK_Haskell,40061
OK_Adair,40001
OK_Pushmataha,40127
OK_Atoka,40005
OK_Hughes,40063
OK_Coal,40029
OK_Latimer,40077
OK_Le Flore,40079
OK_Kay,40071
OK_McCurtain,40089
OK_Choctaw,40023
OK_Pottawatomie,40125
OK_Seminole,40133
OK_Pontotoc,40123
OK_Okfuskee,40107
TX_Dallas,48113
TX_Collin,48085
TX_Denton,48121
TX_Grayson,48181
TX_Rockwall,48397
TX_Ellis,48139
TX_Navarro,48349
TX_Van Zandt,48467
TX_Kaufman,48257
TX_Henderson,48213
TX_Hunt,48231
TX_Tarrant,48439
TX_Wood,48499
TX_Lamar,48277
TX_Red River,48387
TX_Fannin,48147
TX_Delta,48119
TX_Hopkins,48223
TX_Rains,48379
TX_Camp,48063
TX_Titus,48449
TX_Franklin,48159
TX_Bowie,48037
TX_Cass,48067
TX_Marion,48315
TX_Morris,48343
TX_Gregg,48183
TX_Harrison,48203
TX_Panola,48365
TX_Upshur,48459
TX_Rusk,48401
TX_Smith,48423
TX_Cherokee,48073
TX_Nacogdoches,48347
TX_Anderson,48001
TX_Leon,48289
TX_Trinity,48455
TX_Houston,48225
TX_Freestone,48161
TX_Madison,48313
TX_Angelina,48005
TX_Newton,48351
TX_San Augustine,48405
TX_Sabine,48403
TX_Jasper,48241
TX_Polk,48373
TX_Shelby,48419
TX_Tyler,48457
TX_Parker,48367
TX_Johnson,48251
TX_Wise,48497
TX_Hood,48221
TX_Somervell,48425
TX_Hill,48217
TX_Palo Pinto,48363
TX_Clay,48077
TX_Montague,48337
TX_Cooke,48097
TX_Wichita,48485
TX_Archer,48009
TX_Knox,48275
TX_Wilbarger,48487
TX_Young,48503
TX_Baylor,48023
TX_Haskell,48207
TX_Erath,48143
TX_Stephens,48429
TX_Jack,48237
TX_Shackelford,48417
TX_Brown,48049
TX_Eastland,48133
TX_Hamilton,48193
TX_Comanche,48093
TX_Callahan,48059
TX_Throckmorton,48447
TX_Bell,48027
TX_Milam,48331
TX_Lampasas,48281
TX_McLennan,48309
TX_Coryell,48099
TX_Williamson,48491
TX_Falls,48145
TX_Robertson,48395
TX_Bosque,48035
TX_Limestone,48293
TX_Mason,48319
TX_Runnels,48399
TX_San Saba,48411
TX_McCulloch,48307
TX_Coleman,48083
TX_Llano,48299
TX_Concho,48095
TX_Menard,48327
TX_Mills,48333
TX_Kimble,48267
TX_Tom Green,48451
TX_Irion,48235
TX_Reagan,48383
TX_Coke,48081
TX_Schleicher,48413
TX_Crockett,48105
TX_Sutton,48435
TX_Sterling,48431
TX_Harris,48201
TX_Fort Bend,48157
TX_Montgomery,48339
TX_Walker,48471
TX_Liberty,48291
TX_San Jacinto,48407
TX_Grimes,48185
TX_Hardin,48199
TX_Matagorda,48321
TX_Colorado,48089
TX_Austin,48015
TX_Wharton,48481
TX_Brazoria,48039
TX_Waller,48473
TX_Washington,48477
TX_Galveston,48167
TX_Chambers,48071
TX_Orange,48361
TX_Jefferson,48245
TX_Brazos,48041
TX_Burleson,48051
TX_Lee,48287
TX_Victoria,48469
TX_Refugio,48391
TX_DeWitt,48123
TX_Jackson,48239
TX_Goliad,48175
TX_Lavaca,48285
TX_Calhoun,48057
TX_La Salle,48283
TX_Bexar,48029
TX_Bandera,48019
TX_Kendall,48259
TX_Frio,48163
TX_McMullen,48311
TX_Atascosa,48013
TX_Medina,48325
TX_Kerr,48265
TX_Live Oak,48297
TX_Webb,48479
TX_Zapata,48505
TX_Comal,48091
TX_Bee,48025
TX_Guadalupe,48187
TX_Karnes,48255
TX_Wilson,48493
TX_Gonzales,48177
TX_Nueces,48355
TX_Jim Wells,48249
TX_San Patricio,48409
TX_Duval,48131
TX_Brooks,48047
TX_Aransas,48007
TX_Jim Hogg,48247
TX_Kleberg,48273
TX_Hidalgo,48215
TX_Cameron,48061
TX_Starr,48427
TX_Willacy,48489
TX_Bastrop,48021
TX_Burnet,48053
TX_Blanco,48031
TX_Hays,48209
TX_Caldwell,48055
TX_Gillespie,48171
TX_Uvalde,48463
TX_Dimmit,48127
TX_Edwards,48137
TX_Zavala,48507
TX_Kinney,48271
TX_Real,48385
TX_Val Verde,48465
TX_Terrell,48443
TX_Maverick,48323
TX_Fayette,48149
TX_Oldham,48359
TX_Gray,48179
TX_Wheeler,48483
TX_Lipscomb,48295
TX_Hutchinson,48233
TX_Parmer,48369
TX_Potter,48375
TX_Moore,48341
TX_Hemphill,48211
TX_Randall,48381
TX_Hartley,48205
TX_Armstrong,48011
TX_Hale,48189
TX_Dallam,48111
TX_Deaf Smith,48117
TX_Castro,48069
TX_Lamb,48279
TX_Ochiltree,48357
TX_Carson,48065
TX_Hansford,48195
TX_Swisher,48437
TX_Roberts,48393
TX_Collingsworth,48087
TX_Childress,48075
TX_Dickens,48125
TX_Floyd,48153
TX_Cottle,48101
TX_Hardeman,48197
TX_Donley,48129
TX_Foard,48155
TX_Hall,48191
TX_Motley,48345
TX_King,48269
TX_Briscoe,48045
TX_Hockley,48219
TX_Cochran,48079
TX_Terry,48445
TX_Bailey,48017
TX_Crosby,48107
TX_Yoakum,48501
TX_Lubbock,48303
TX_Garza,48169
TX_Dawson,48115
TX_Gaines,48165
TX_Lynn,48305
TX_Jones,48253
TX_Stonewall,48433
TX_Nolan,48353
TX_Taylor,48441
TX_Howard,48227
TX_Mitchell,48335
TX_Scurry,48415
TX_Borden,48033
TX_Kent,48263
TX_Fisher,48151
TX_Midland,48329
TX_Andrews,48003
TX_Reeves,48389
TX_Ward,48475
TX_Pecos,48371
TX_Crane,48103
TX_Jeff Davis,48243
TX_Glasscock,48173
TX_Ector,48135
TX_Winkler,48495
TX_Martin,48317
TX_Upton,48461
TX_Loving,48301
TX_El Paso,48141
TX_Brewster,48043
TX_Hudspeth,48229
TX_Presidio,48377
TX_Culberson,48109
CO_Jefferson,8059
CO_Adams,8001
CO_Arapahoe,8005
CO_Broomfield,8014
CO_Boulder,8013
CO_Elbert,8039
CO_Douglas,8035
CO_Denver,8031
CO_Gilpin,8047
CO_Park,8093
CO_Eagle,8037
CO_Summit,8117
CO_Routt,8107
CO_Lake,8065
CO_Jackson,8057
CO_Clear Creek,8019
CO_Grand,8049
CO_Weld,8123
CO_Larimer,8069
CO_Morgan,8087
CO_Washington,8121
CO_Phillips,8095
CO_Logan,8075
CO_Yuma,8125
CO_Sedgwick,8115
CO_Cheyenne,8017
CO_Lincoln,8073
CO_Kit Carson,8063
CO_Teller,8119
CO_Pueblo,8101
CO_Las Animas,8071
CO_Kiowa,8061
CO_Baca,8009
CO_Otero,8089
CO_Crowley,8025
CO_Bent,8011
CO_Huerfano,8055
CO_Prowers,8099
CO_Alamosa,8003
CO_Conejos,8021
CO_Archuleta,8007
CO_La Plata,8067
CO_Costilla,8023
CO_Saguache,8109
CO_Mineral,8079
CO_Rio Grande,8105
CO_Chaffee,8015
CO_Gunnison,8051
CO_Fremont,8043
CO_Montrose,8085
CO_Hinsdale,8053
CO_Custer,8027
CO_Dolores,8033
CO_Montezuma,8083
CO_San Miguel,8113
CO_Delta,8029
CO_Ouray,8091
CO_San Juan,8111
CO_Mesa,8077
CO_Garfield,8045
CO_Moffat,8081
CO_Pitkin,8097
CO_Rio Blanco,8103
WY_Laramie,56021
WY_Albany,56001
WY_Park,56029
WY_Platte,56031
WY_Goshen,56015
WY_Niobrara,56027
WY_Converse,56009
WY_Carbon,56007
WY_Fremont,56013
WY_Sweetwater,56037
WY_Washakie,56043
WY_Big Horn,56003
WY_Hot Springs,56017
WY_Natrona,56025
WY_Johnson,56019
WY_Weston,56045
WY_Crook,56011
WY_Campbell,56005
WY_Sheridan,56033
WY_Sublette,56035
WY_Uinta,56041
WY_Teton,56039
WY_Lincoln,56023
ID_Bannock,16005
ID_Power,16077
ID_Bingham,16011
ID_Butte,16023
ID_Caribou,16029
ID_Bear Lake,16007
ID_Custer,16037
ID_Franklin,16041
ID_Lemhi,16059
ID_Oneida,16071
ID_Bonneville,16019
ID_Twin Falls,16083
ID_Cassia,16031
ID_Blaine,16013
ID_Gooding,16047
ID_Camas,16025
ID_Lincoln,16063
ID_Jerome,16053
ID_Minidoka,16067
ID_Teton,16081
ID_Clark,16033
ID_Jefferson,16051
ID_Madison,16065
ID_Nez Perce,16069
ID_Clearwater,16035
ID_Idaho,16049
ID_Lewis,16061
ID_Latah,16057
ID_Elmore,16039
ID_Boise,16015
ID_Owyhee,16073
ID_Canyon,16027
ID_Washington,16087
ID_Valley,16085
ID_Adams,16003
ID_Gem,16045
ID_Payette,16075
ID_Kootenai,16055
ID_Shoshone,16079
ID_Bonner,16017
ID_Boundary,16021
ID_Benewah,16009
UT_Duchesne,49013
UT_Uintah,49047
UT_Davis,49011
UT_Summit,49043
UT_Morgan,49029
UT_Tooele,49045
UT_Daggett,49009
UT_Rich,49033
UT_Wasatch,49051
UT_Weber,49057
UT_Box Elder,49003
UT_Cache,49005
UT_Carbon,49007
UT_San Juan,49037
UT_Emery,49015
UT_Grand,49019
UT_Sevier,49041
UT_Sanpete,49039
UT_Millard,49027
UT_Juab,49023
UT_Kane,49025
UT_Garfield,49017
UT_Beaver,49001
UT_Iron,49021
UT_Wayne,49055
UT_Washington,49053
UT_Piute,49031
AZ_Pinal,4021
AZ_Gila,4007
AZ_Yavapai,4025
AZ_La Paz,4012
AZ_Yuma,4027
AZ_Mohave,4015
AZ_Graham,4009
AZ_Greenlee,4011
AZ_Cochise,4003
AZ_Santa Cruz,4023
AZ_Navajo,4017
AZ_Apache,4001
AZ_Coconino,4005
NM_Valencia,35061
NM_Cibola,35006
NM_Socorro,35053
NM_Bernalillo,35001
NM_Torrance,35057
NM_Santa Fe,35049
NM_Rio Arriba,35039
NM_San Juan,35045
NM_McKinley,35031
NM_Taos,35055
NM_Los Alamos,35028
NM_San Miguel,35047
NM_Sierra,35051
NM_Colfax,35007
NM_Guadalupe,35019
NM_Mora,35033
NM_Harding,35021
NM_Catron,35003
NM_Hidalgo,35023
NM_Grant,35017
NM_Luna,35029
NM_Curry,35009
NM_Roosevelt,35041
NM_Lea,35025
NM_De Baca,35011
NM_Quay,35037
NM_Chaves,35005
NM_Eddy,35015
NM_Lincoln,35027
NM_Otero,35035
NM_Union,35059
NV_Clark,32003
NV_Lincoln,32017
NV_Nye,32023
NV_Esmeralda,32009
NV_White Pine,32033
NV_Lander,32015
NV_Eureka,32011
NV_Washoe,32031
NV_Lyon,32019
NV_Humboldt,32013
NV_Churchill,32001
NV_Douglas,32005
NV_Mineral,32021
NV_Pershing,32027
NV_Storey,32029
NV_Carson City,32510
NV_Elko,32007
CA_Los Angeles,6037
CA_Orange,6059
CA_San Bernardino,6071
CA_Riverside,6065
CA_San Diego,6073
CA_Imperial,6025
CA_Inyo,6027
CA_Kings,6031
CA_San Luis Obispo,6079
CA_Monterey,6053
CA_Mono,6051
CA_Merced,6047
CA_San Mateo,6081
CA_Santa Clara,6085
CA_San Francisco,6075
CA_Sacramento,6067
CA_Yolo,6113
CA_Alameda,6001
CA_Napa,6055
CA_Contra Costa,6013
CA_Solano,6095
CA_Marin,6041
CA_Sonoma,6097
CA_Santa Cruz,6087
CA_San Benito,6069
CA_San Joaquin,6077
CA_Calaveras,6009
CA_Stanislaus,6099
CA_Amador,6005
CA_Placer,6061
CA_Sutter,6101
CA_Nevada,6057
CA_Colusa,6011
CA_Butte,6007
CA_Shasta,6089
CA_Modoc,6049
HI_Honolulu,15003
HI_Kauai,15007
HI_Hawaii,15001
HI_Maui,15009
HI_Kalawao,15005
GU_Guam,66010
OR_Wasco,41065
OR_Marion,41047
OR_Washington,41067
OR_Multnomah,41051
OR_Hood River,41027
OR_Columbia,41009
OR_Sherman,41055
OR_Yamhill,41071
OR_Clatsop,41007
OR_Tillamook,41057
OR_Polk,41053
OR_Benton,41003
OR_Lincoln,41041
OR_Curry,41015
OR_Coos,41011
OR_Douglas,41019
OR_Klamath,41035
OR_Josephine,41033
OR_Jackson,41029
OR_Lake,41037
OR_Deschutes,41017
OR_Harney,41025
OR_Jefferson,41031
OR_Wheeler,41069
OR_Crook,41013
OR_Umatilla,41059
OR_Gilliam,41021
OR_Baker,41001
OR_Grant,41023
OR_Morrow,41049
OR_Union,41061
OR_Wallowa,41063
OR_Malheur,41045
WA_King,53033
WA_Snohomish,53061
WA_Kitsap,53035
WA_Kittitas,53037
WA_Skagit,53057
WA_Island,53029
WA_San Juan,53055
WA_Pierce,53053
WA_Clallam,53009
WA_Jefferson,53031
WA_Lewis,53041
WA_Thurston,53067
WA_Grays Harbor,53027
WA_Mason,53045
WA_Cowlitz,53015
WA_Clark,53011
WA_Klickitat,53039
WA_Skamania,53059
WA_Wahkiakum,53069
WA_Chelan,53007
WA_Douglas,53017
WA_Grant,53025
WA_Spokane,53063
WA_Lincoln,53043
WA_Stevens,53065
WA_Whitman,53075
WA_Adams,53001
WA_Ferry,53019
WA_Pend Oreille,53051
WA_Franklin,53021
WA_Walla Walla,53071
WA_Columbia,53013
WA_Garfield,53023
WA_Asotin,53003
AK_Kodiak Island,2150
AK_Aleutians East,2013
AK_Valdez-Cordova,2261
AK_Bristol Bay,2060
AK_Nome,2180
AK_Yakutat,2282
AK_Fairbanks North Star,2090
AK_Northwest Arctic,2188
AK_Denali,2068
AK_Southeast Fairbanks,2240
AK_Juneau,2110
AK_Hoonah-Angoo,2105
AK_Haines,2100
AK_Petersburg,2195
AK_Sitka,2220
AK_Skagway,2230
AK_Ketchikan Gateway,2130
AK_Wrangell,2275
